"Name","RequiredServices","CanPauseAndContinue","CanShutdown","CanStop","DisplayName","DependentServices","MachineName","ServiceName","ServicesDependedOn","ServiceHandle","Status","ServiceType","StartType","Site","Container"
"AarSvc_98374","System.ServiceProcess.ServiceController[]","False","False","True","Agent Activation Runtime_98374","System.ServiceProcess.ServiceController[]",".","AarSvc_98374","System.ServiceProcess.ServiceController[]","SafeServiceHandle","Running","240","Manual",,
"AESMService","System.ServiceProcess.ServiceController[]","False","False","True","Intel? SGX AESM","System.ServiceProcess.ServiceController[]",".","AESMService","System.ServiceProcess.ServiceController[]","SafeServiceHandle","Running","Win32OwnProcess","Automatic",,
"Appinfo","System.ServiceProcess.ServiceController[]","False","False","True","Application Information","System.ServiceProcess.ServiceController[]",".","Appinfo","System.ServiceProcess.ServiceController[]","SafeServiceHandle","Running","Win32OwnProcess, Win32ShareProcess","Manual",,
"Apple Mobile Device Service","System.ServiceProcess.ServiceController[]","False","False","True","Apple Mobile Device Service","System.ServiceProcess.ServiceController[]",".","Apple Mobile Device Service","System.ServiceProcess.ServiceController[]","SafeServiceHandle","Running","Win32OwnProcess","Automatic",,
"AudioEndpointBuilder","System.ServiceProcess.ServiceController[]","False","False","True","Windows Audio Endpoint Builder","System.ServiceProcess.ServiceController[]",".","AudioEndpointBuilder","System.ServiceProcess.ServiceController[]","SafeServiceHandle","Running","Win32OwnProcess, Win32ShareProcess","Automatic",,
"Audiosrv","System.ServiceProcess.ServiceController[]","False","False","True","Windows Audio","System.ServiceProcess.ServiceController[]",".","Audiosrv","System.ServiceProcess.ServiceController[]","SafeServiceHandle","Running","Win32OwnProcess","Automatic",,
"BDESVC","System.ServiceProcess.ServiceController[]","False","False","True","BitLocker Drive Encryption Service","System.ServiceProcess.ServiceController[]",".","BDESVC","System.ServiceProcess.ServiceController[]",,"Running","Win32OwnProcess, Win32ShareProcess","Manual",,
"BFE","System.ServiceProcess.ServiceController[]","False","False","True","Base Filtering Engine","System.ServiceProcess.ServiceController[]",".","BFE","System.ServiceProcess.ServiceController[]",,"Running","Win32ShareProcess","Automatic",,
"Bonjour Service","System.ServiceProcess.ServiceController[]","False","True","True","Bonjour Service","System.ServiceProcess.ServiceController[]",".","Bonjour Service","System.ServiceProcess.ServiceController[]","SafeServiceHandle","Running","Win32OwnProcess","Automatic",,
"BrokerInfrastructure","System.ServiceProcess.ServiceController[]","False","False","False","Background Tasks Infrastructure Service","System.ServiceProcess.ServiceController[]",".","BrokerInfrastructure","System.ServiceProcess.ServiceController[]",,"Running","Win32ShareProcess","Automatic",,
"BthAvctpSvc","System.ServiceProcess.ServiceController[]","False","False","True","AVCTP service","System.ServiceProcess.ServiceController[]",".","BthAvctpSvc","System.ServiceProcess.ServiceController[]","SafeServiceHandle","Running","Win32OwnProcess, Win32ShareProcess","Manual",,
"camsvc","System.ServiceProcess.ServiceController[]","False","True","True","Capability Access Manager Service","System.ServiceProcess.ServiceController[]",".","camsvc","System.ServiceProcess.ServiceController[]","SafeServiceHandle","Running","Win32OwnProcess, Win32ShareProcess","Manual",,
"CaptureService_98374","System.ServiceProcess.ServiceController[]","False","False","True","CaptureService_98374","System.ServiceProcess.ServiceController[]",".","CaptureService_98374","System.ServiceProcess.ServiceController[]","SafeServiceHandle","Running","240","Manual",,
"cbdhsvc_98374","System.ServiceProcess.ServiceController[]","False","False","True","Clipboard User Service_98374","System.ServiceProcess.ServiceController[]",".","cbdhsvc_98374","System.ServiceProcess.ServiceController[]","SafeServiceHandle","Running","240","Automatic",,
"CDPSvc","System.ServiceProcess.ServiceController[]","False","False","True","Connected Devices Platform Service","System.ServiceProcess.ServiceController[]",".","CDPSvc","System.ServiceProcess.ServiceController[]","SafeServiceHandle","Running","Win32OwnProcess, Win32ShareProcess","Automatic",,
"CDPUserSvc_98374","System.ServiceProcess.ServiceController[]","False","False","True","Connected Devices Platform User Service_98374","System.ServiceProcess.ServiceController[]",".","CDPUserSvc_98374","System.ServiceProcess.ServiceController[]","SafeServiceHandle","Running","240","Automatic",,
"ClickToRunSvc","System.ServiceProcess.ServiceController[]","False","True","True","Microsoft Office Click-to-Run Service","System.ServiceProcess.ServiceController[]",".","ClickToRunSvc","System.ServiceProcess.ServiceController[]","SafeServiceHandle","Running","Win32OwnProcess","Automatic",,
"client_service","System.ServiceProcess.ServiceController[]","False","True","True","VMware Horizon Client","System.ServiceProcess.ServiceController[]",".","client_service","System.ServiceProcess.ServiceController[]","SafeServiceHandle","Running","Win32OwnProcess, InteractiveProcess","Automatic",,
"CoreMessagingRegistrar","System.ServiceProcess.ServiceController[]","False","False","False","CoreMessaging","System.ServiceProcess.ServiceController[]",".","CoreMessagingRegistrar","System.ServiceProcess.ServiceController[]",,"Running","Win32ShareProcess","Automatic",,
"cphs","System.ServiceProcess.ServiceController[]","False","False","True","Intel(R) Content Protection HECI Service","System.ServiceProcess.ServiceController[]",".","cphs","System.ServiceProcess.ServiceController[]","SafeServiceHandle","Running","Win32OwnProcess","Manual",,
"cplspcon","System.ServiceProcess.ServiceController[]","False","False","True","Intel(R) Content Protection HDCP Service","System.ServiceProcess.ServiceController[]",".","cplspcon","System.ServiceProcess.ServiceController[]","SafeServiceHandle","Running","Win32OwnProcess","Automatic",,
"CryptSvc","System.ServiceProcess.ServiceController[]","False","True","True","Cryptographic Services","System.ServiceProcess.ServiceController[]",".","CryptSvc","System.ServiceProcess.ServiceController[]","SafeServiceHandle","Running","Win32OwnProcess","Automatic",,
"DcomLaunch","System.ServiceProcess.ServiceController[]","False","False","False","DCOM Server Process Launcher","System.ServiceProcess.ServiceController[]",".","DcomLaunch","System.ServiceProcess.ServiceController[]",,"Running","Win32ShareProcess","Automatic",,
"DeviceAssociationService","System.ServiceProcess.ServiceController[]","False","True","True","Device Association Service","System.ServiceProcess.ServiceController[]",".","DeviceAssociationService","System.ServiceProcess.ServiceController[]","SafeServiceHandle","Running","Win32OwnProcess, Win32ShareProcess","Automatic",,
"Dhcp","System.ServiceProcess.ServiceController[]","False","True","True","DHCP Client","System.ServiceProcess.ServiceController[]",".","Dhcp","System.ServiceProcess.ServiceController[]","SafeServiceHandle","Running","Win32OwnProcess, Win32ShareProcess","Automatic",,
"DiagTrack","System.ServiceProcess.ServiceController[]","False","True","True","Connected User Experiences and Telemetry","System.ServiceProcess.ServiceController[]",".","DiagTrack","System.ServiceProcess.ServiceController[]","SafeServiceHandle","Running","Win32OwnProcess","Automatic",,
"DispBrokerDesktopSvc","System.ServiceProcess.ServiceController[]","False","False","True","Display Policy Service","System.ServiceProcess.ServiceController[]",".","DispBrokerDesktopSvc","System.ServiceProcess.ServiceController[]","SafeServiceHandle","Running","Win32OwnProcess, Win32ShareProcess","Automatic",,
"DisplayEnhancementService","System.ServiceProcess.ServiceController[]","False","False","True","Display Enhancement Service","System.ServiceProcess.ServiceController[]",".","DisplayEnhancementService","System.ServiceProcess.ServiceController[]","SafeServiceHandle","Running","Win32OwnProcess, Win32ShareProcess","Manual",,
"Dnscache","System.ServiceProcess.ServiceController[]","False","False","False","DNS Client","System.ServiceProcess.ServiceController[]",".","Dnscache","System.ServiceProcess.ServiceController[]",,"Running","Win32OwnProcess","Automatic",,
"DolbyDAXAPI","System.ServiceProcess.ServiceController[]","False","True","True","Dolby DAX API Service","System.ServiceProcess.ServiceController[]",".","DolbyDAXAPI","System.ServiceProcess.ServiceController[]","SafeServiceHandle","Running","Win32OwnProcess","Automatic",,
"DoSvc","System.ServiceProcess.ServiceController[]","False","False","True","Delivery Optimization","System.ServiceProcess.ServiceController[]",".","DoSvc","System.ServiceProcess.ServiceController[]","SafeServiceHandle","Running","Win32OwnProcess","Automatic",,
"DPS","System.ServiceProcess.ServiceController[]","False","True","True","Diagnostic Policy Service","System.ServiceProcess.ServiceController[]",".","DPS","System.ServiceProcess.ServiceController[]",,"Running","Win32OwnProcess, Win32ShareProcess","Automatic",,
"DsSvc","System.ServiceProcess.ServiceController[]","False","False","True","Data Sharing Service","System.ServiceProcess.ServiceController[]",".","DsSvc","System.ServiceProcess.ServiceController[]","SafeServiceHandle","Running","Win32OwnProcess, Win32ShareProcess","Manual",,
"DusmSvc","System.ServiceProcess.ServiceController[]","False","False","True","Data Usage","System.ServiceProcess.ServiceController[]",".","DusmSvc","System.ServiceProcess.ServiceController[]","SafeServiceHandle","Running","Win32OwnProcess","Automatic",,
"esifsvc","System.ServiceProcess.ServiceController[]","True","False","True","Intel(R) Dynamic Tuning service","System.ServiceProcess.ServiceController[]",".","esifsvc","System.ServiceProcess.ServiceController[]","SafeServiceHandle","Running","Win32OwnProcess","Automatic",,
"EventLog","System.ServiceProcess.ServiceController[]","False","True","True","Windows Event Log","System.ServiceProcess.ServiceController[]",".","EventLog","System.ServiceProcess.ServiceController[]","SafeServiceHandle","Running","Win32OwnProcess, Win32ShareProcess","Automatic",,
"EventSystem","System.ServiceProcess.ServiceController[]","False","False","True","COM+ Event System","System.ServiceProcess.ServiceController[]",".","EventSystem","System.ServiceProcess.ServiceController[]","SafeServiceHandle","Running","Win32OwnProcess, Win32ShareProcess","Automatic",,
"FirmwareSwitchService","System.ServiceProcess.ServiceController[]","False","False","True","FirmwareSwitchService","System.ServiceProcess.ServiceController[]",".","FirmwareSwitchService","System.ServiceProcess.ServiceController[]","SafeServiceHandle","Running","Win32OwnProcess","Automatic",,
"FMAPOService","System.ServiceProcess.ServiceController[]","False","True","True","Fortemedia APO Control Service","System.ServiceProcess.ServiceController[]",".","FMAPOService","System.ServiceProcess.ServiceController[]","SafeServiceHandle","Running","Win32OwnProcess","Automatic",,
"FontCache","System.ServiceProcess.ServiceController[]","False","True","True","Windows Font Cache Service","System.ServiceProcess.ServiceController[]",".","FontCache","System.ServiceProcess.ServiceController[]","SafeServiceHandle","Running","Win32OwnProcess, Win32ShareProcess","Automatic",,
"FontCache3.0.0.0","System.ServiceProcess.ServiceController[]","False","True","True","Windows Presentation Foundation Font Cache 3.0.0.0","System.ServiceProcess.ServiceController[]",".","FontCache3.0.0.0","System.ServiceProcess.ServiceController[]","SafeServiceHandle","Running","Win32OwnProcess","Manual",,
"ftnlsv3hv","System.ServiceProcess.ServiceController[]","False","True","True","VMware Netlink Supervisor Service","System.ServiceProcess.ServiceController[]",".","ftnlsv3hv","System.ServiceProcess.ServiceController[]","SafeServiceHandle","Running","Win32OwnProcess","Automatic",,
"ftscanmgrhv","System.ServiceProcess.ServiceController[]","False","True","True","VMware Scanner Redirection Client","System.ServiceProcess.ServiceController[]",".","ftscanmgrhv","System.ServiceProcess.ServiceController[]","SafeServiceHandle","Running","Win32OwnProcess","Automatic",,
"HvHost","System.ServiceProcess.ServiceController[]","False","True","True","HV Host Service","System.ServiceProcess.ServiceController[]",".","HvHost","System.ServiceProcess.ServiceController[]","SafeServiceHandle","Running","Win32OwnProcess, Win32ShareProcess","Manual",,
"IBMPMSVC","System.ServiceProcess.ServiceController[]","False","False","True","Lenovo PM Service","System.ServiceProcess.ServiceController[]",".","IBMPMSVC","System.ServiceProcess.ServiceController[]","SafeServiceHandle","Running","Win32OwnProcess","Automatic",,
"igccservice","System.ServiceProcess.ServiceController[]","True","True","True","Intel(R) Graphics Command Center Service","System.ServiceProcess.ServiceController[]",".","igccservice","System.ServiceProcess.ServiceController[]","SafeServiceHandle","Running","Win32OwnProcess","Automatic",,
"igfxCUIService2.0.0.0","System.ServiceProcess.ServiceController[]","False","False","True","Intel(R) HD Graphics Control Panel Service","System.ServiceProcess.ServiceController[]",".","igfxCUIService2.0.0.0","System.ServiceProcess.ServiceController[]","SafeServiceHandle","Running","Win32OwnProcess","Automatic",,
"IKEEXT","System.ServiceProcess.ServiceController[]","False","True","True","IKE and AuthIP IPsec Keying Modules","System.ServiceProcess.ServiceController[]",".","IKEEXT","System.ServiceProcess.ServiceController[]","SafeServiceHandle","Running","Win32OwnProcess, Win32ShareProcess","Automatic",,
"InstallService","System.ServiceProcess.ServiceController[]","False","False","True","Microsoft Store Install Service","System.ServiceProcess.ServiceController[]",".","InstallService","System.ServiceProcess.ServiceController[]","SafeServiceHandle","Running","Win32OwnProcess","Manual",,
"Intel(R) Capability Licensing Service TCP IP Interface","System.ServiceProcess.ServiceController[]","False","False","True","Intel(R) Capability Licensing Service TCP IP Interface","System.ServiceProcess.ServiceController[]",".","Intel(R) Capability Licensing Service TCP IP Interface","System.ServiceProcess.ServiceController[]","SafeServiceHandle","Running","Win32OwnProcess","Manual",,
"IntelAudioService","System.ServiceProcess.ServiceController[]","False","True","True","Intel(R) Audio Service","System.ServiceProcess.ServiceController[]",".","IntelAudioService","System.ServiceProcess.ServiceController[]","SafeServiceHandle","Running","Win32OwnProcess","Automatic",,
"IntuneManagementExtension","System.ServiceProcess.ServiceController[]","False","True","True","Microsoft Intune Management Extension","System.ServiceProcess.ServiceController[]",".","IntuneManagementExtension","System.ServiceProcess.ServiceController[]","SafeServiceHandle","Running","Win32OwnProcess","Automatic",,
"iphlpsvc","System.ServiceProcess.ServiceController[]","False","False","True","IP Helper","System.ServiceProcess.ServiceController[]",".","iphlpsvc","System.ServiceProcess.ServiceController[]","SafeServiceHandle","Running","Win32OwnProcess, Win32ShareProcess","Automatic",,
"jhi_service","System.ServiceProcess.ServiceController[]","False","False","True","Intel(R) Dynamic Application Loader Host Interface Service","System.ServiceProcess.ServiceController[]",".","jhi_service","System.ServiceProcess.ServiceController[]","SafeServiceHandle","Running","Win32OwnProcess","Automatic",,
"KeyAccess","System.ServiceProcess.ServiceController[]","False","True","True","KeyAccess","System.ServiceProcess.ServiceController[]",".","KeyAccess","System.ServiceProcess.ServiceController[]","SafeServiceHandle","Running","Win32OwnProcess","Automatic",,
"KeyIso","System.ServiceProcess.ServiceController[]","False","False","True","CNG Key Isolation","System.ServiceProcess.ServiceController[]",".","KeyIso","System.ServiceProcess.ServiceController[]","SafeServiceHandle","Running","Win32ShareProcess","Manual",,
"LanmanServer","System.ServiceProcess.ServiceController[]","False","False","True","Server","System.ServiceProcess.ServiceController[]",".","LanmanServer","System.ServiceProcess.ServiceController[]","SafeServiceHandle","Running","Win32OwnProcess, Win32ShareProcess","Automatic",,
"LanmanWorkstation","System.ServiceProcess.ServiceController[]","True","False","True","Workstation","System.ServiceProcess.ServiceController[]",".","LanmanWorkstation","System.ServiceProcess.ServiceController[]","SafeServiceHandle","Running","Win32OwnProcess, Win32ShareProcess","Automatic",,
"LenovoSmartStandby","System.ServiceProcess.ServiceController[]","True","True","True","Lenovo Smart Standby","System.ServiceProcess.ServiceController[]",".","LenovoSmartStandby","System.ServiceProcess.ServiceController[]","SafeServiceHandle","Running","Win32OwnProcess","Automatic",,
"lfsvc","System.ServiceProcess.ServiceController[]","False","False","True","Geolocation Service","System.ServiceProcess.ServiceController[]",".","lfsvc","System.ServiceProcess.ServiceController[]","SafeServiceHandle","Running","Win32OwnProcess, Win32ShareProcess","Manual",,
"LicenseManager","System.ServiceProcess.ServiceController[]","False","False","True","Windows License Manager Service","System.ServiceProcess.ServiceController[]",".","LicenseManager","System.ServiceProcess.ServiceController[]","SafeServiceHandle","Running","Win32OwnProcess, Win32ShareProcess","Manual",,
"LITSSVC","System.ServiceProcess.ServiceController[]","False","True","True","Lenovo Intelligent Thermal Solution Service","System.ServiceProcess.ServiceController[]",".","LITSSVC","System.ServiceProcess.ServiceController[]","SafeServiceHandle","Running","Win32OwnProcess","Automatic",,
"lmhosts","System.ServiceProcess.ServiceController[]","False","False","True","TCP/IP NetBIOS Helper","System.ServiceProcess.ServiceController[]",".","lmhosts","System.ServiceProcess.ServiceController[]","SafeServiceHandle","Running","Win32OwnProcess, Win32ShareProcess","Manual",,
"LSM","System.ServiceProcess.ServiceController[]","False","False","False","Local Session Manager","System.ServiceProcess.ServiceController[]",".","LSM","System.ServiceProcess.ServiceController[]",,"Running","Win32OwnProcess, Win32ShareProcess","Automatic",,
"ModemAuthenticatorService","System.ServiceProcess.ServiceController[]","False","False","True","ModemAuthenticatorService","System.ServiceProcess.ServiceController[]",".","ModemAuthenticatorService","System.ServiceProcess.ServiceController[]","SafeServiceHandle","Running","Win32OwnProcess","Automatic",,
"mpssvc","System.ServiceProcess.ServiceController[]","False","False","False","Windows Defender Firewall","System.ServiceProcess.ServiceController[]",".","mpssvc","System.ServiceProcess.ServiceController[]",,"Running","Win32ShareProcess","Automatic",,
"NcbService","System.ServiceProcess.ServiceController[]","False","False","True","Network Connection Broker","System.ServiceProcess.ServiceController[]",".","NcbService","System.ServiceProcess.ServiceController[]","SafeServiceHandle","Running","Win32OwnProcess, Win32ShareProcess","Manual",,
"Netman","System.ServiceProcess.ServiceController[]","False","False","True","Network Connections","System.ServiceProcess.ServiceController[]",".","Netman","System.ServiceProcess.ServiceController[]","SafeServiceHandle","Running","Win32OwnProcess, Win32ShareProcess","Manual",,
"netprofm","System.ServiceProcess.ServiceController[]","False","False","True","Network List Service","System.ServiceProcess.ServiceController[]",".","netprofm","System.ServiceProcess.ServiceController[]","SafeServiceHandle","Running","Win32OwnProcess, Win32ShareProcess","Manual",,
"NPSMSvc_98374","System.ServiceProcess.ServiceController[]","False","False","True","NPSMSvc_98374","System.ServiceProcess.ServiceController[]",".","NPSMSvc_98374","System.ServiceProcess.ServiceController[]","SafeServiceHandle","Running","240","Manual",,
"nsi","System.ServiceProcess.ServiceController[]","False","False","True","Network Store Interface Service","System.ServiceProcess.ServiceController[]",".","nsi","System.ServiceProcess.ServiceController[]","SafeServiceHandle","Running","Win32OwnProcess, Win32ShareProcess","Automatic",,
"OneSyncSvc_98374","System.ServiceProcess.ServiceController[]","False","False","True","Sync Host_98374","System.ServiceProcess.ServiceController[]",".","OneSyncSvc_98374","System.ServiceProcess.ServiceController[]","SafeServiceHandle","Running","224","Automatic",,
"PanoptoRecorderService","System.ServiceProcess.ServiceController[]","True","True","True","Panopto Upload Service","System.ServiceProcess.ServiceController[]",".","PanoptoRecorderService","System.ServiceProcess.ServiceController[]","SafeServiceHandle","Running","Win32OwnProcess","Automatic",,
"PcaSvc","System.ServiceProcess.ServiceController[]","False","True","True","Program Compatibility Assistant Service","System.ServiceProcess.ServiceController[]",".","PcaSvc","System.ServiceProcess.ServiceController[]","SafeServiceHandle","Running","Win32OwnProcess, Win32ShareProcess","Automatic",,
"PimIndexMaintenanceSvc_98374","System.ServiceProcess.ServiceController[]","False","False","True","Contact Data_98374","System.ServiceProcess.ServiceController[]",".","PimIndexMaintenanceSvc_98374","System.ServiceProcess.ServiceController[]","SafeServiceHandle","Running","224","Manual",,
"PlugPlay","System.ServiceProcess.ServiceController[]","False","True","True","Plug and Play","System.ServiceProcess.ServiceController[]",".","PlugPlay","System.ServiceProcess.ServiceController[]","SafeServiceHandle","Running","Win32ShareProcess","Manual",,
"Power","System.ServiceProcess.ServiceController[]","False","False","False","Power","System.ServiceProcess.ServiceController[]",".","Power","System.ServiceProcess.ServiceController[]","SafeServiceHandle","Running","Win32ShareProcess","Automatic",,
"PrintWorkflowUserSvc_98374","System.ServiceProcess.ServiceController[]","False","False","True","PrintWorkflow_98374","System.ServiceProcess.ServiceController[]",".","PrintWorkflowUserSvc_98374","System.ServiceProcess.ServiceController[]",,"Running","240","Manual",,
"ProfSvc","System.ServiceProcess.ServiceController[]","False","True","True","User Profile Service","System.ServiceProcess.ServiceController[]",".","ProfSvc","System.ServiceProcess.ServiceController[]","SafeServiceHandle","Running","Win32OwnProcess, Win32ShareProcess","Automatic",,
"RasMan","System.ServiceProcess.ServiceController[]","False","True","True","Remote Access Connection Manager","System.ServiceProcess.ServiceController[]",".","RasMan","System.ServiceProcess.ServiceController[]","SafeServiceHandle","Running","Win32ShareProcess","Automatic",,
"RmSvc","System.ServiceProcess.ServiceController[]","False","False","True","Radio Management Service","System.ServiceProcess.ServiceController[]",".","RmSvc","System.ServiceProcess.ServiceController[]",,"Running","Win32OwnProcess, Win32ShareProcess","Manual",,
"RpcEptMapper","System.ServiceProcess.ServiceController[]","False","False","False","RPC Endpoint Mapper","System.ServiceProcess.ServiceController[]",".","RpcEptMapper","System.ServiceProcess.ServiceController[]",,"Running","Win32ShareProcess","Automatic",,
"RpcSs","System.ServiceProcess.ServiceController[]","False","False","False","Remote Procedure Call (RPC)","System.ServiceProcess.ServiceController[]",".","RpcSs","System.ServiceProcess.ServiceController[]",,"Running","Win32ShareProcess","Automatic",,
"RtkAudioUniversalService","System.ServiceProcess.ServiceController[]","False","True","True","Realtek Audio Universal Service","System.ServiceProcess.ServiceController[]",".","RtkAudioUniversalService","System.ServiceProcess.ServiceController[]","SafeServiceHandle","Running","Win32OwnProcess","Automatic",,
"SamSs","System.ServiceProcess.ServiceController[]","False","False","False","Security Accounts Manager","System.ServiceProcess.ServiceController[]",".","SamSs","System.ServiceProcess.ServiceController[]","SafeServiceHandle","Running","Win32ShareProcess","Automatic",,
"Schedule","System.ServiceProcess.ServiceController[]","False","True","True","Task Scheduler","System.ServiceProcess.ServiceController[]",".","Schedule","System.ServiceProcess.ServiceController[]",,"Running","Win32OwnProcess, Win32ShareProcess","Automatic",,
"SecurityHealthService","System.ServiceProcess.ServiceController[]","False","False","False","Windows Security Service","System.ServiceProcess.ServiceController[]",".","SecurityHealthService","System.ServiceProcess.ServiceController[]",,"Running","Win32OwnProcess","Manual",,
"SENS","System.ServiceProcess.ServiceController[]","False","False","True","System Event Notification Service","System.ServiceProcess.ServiceController[]",".","SENS","System.ServiceProcess.ServiceController[]","SafeServiceHandle","Running","Win32OwnProcess, Win32ShareProcess","Automatic",,
"SEVPNCLIENT","System.ServiceProcess.ServiceController[]","False","True","True","SoftEther VPN Client","System.ServiceProcess.ServiceController[]",".","SEVPNCLIENT","System.ServiceProcess.ServiceController[]","SafeServiceHandle","Running","Win32OwnProcess","Automatic",,
"SgrmBroker","System.ServiceProcess.ServiceController[]","False","True","False","System Guard Runtime Monitor Broker","System.ServiceProcess.ServiceController[]",".","SgrmBroker","System.ServiceProcess.ServiceController[]","SafeServiceHandle","Running","Win32OwnProcess","Automatic",,
"ShellHWDetection","System.ServiceProcess.ServiceController[]","False","False","True","Shell Hardware Detection","System.ServiceProcess.ServiceController[]",".","ShellHWDetection","System.ServiceProcess.ServiceController[]","SafeServiceHandle","Running","Win32OwnProcess, Win32ShareProcess","Automatic",,
"Spooler","System.ServiceProcess.ServiceController[]","False","False","True","Print Spooler","System.ServiceProcess.ServiceController[]",".","Spooler","System.ServiceProcess.ServiceController[]","SafeServiceHandle","Running","Win32OwnProcess, InteractiveProcess","Automatic",,
"SSDPSRV","System.ServiceProcess.ServiceController[]","False","True","True","SSDP Discovery","System.ServiceProcess.ServiceController[]",".","SSDPSRV","System.ServiceProcess.ServiceController[]","SafeServiceHandle","Running","Win32OwnProcess, Win32ShareProcess","Manual",,
"SstpSvc","System.ServiceProcess.ServiceController[]","False","True","True","Secure Socket Tunneling Protocol Service","System.ServiceProcess.ServiceController[]",".","SstpSvc","System.ServiceProcess.ServiceController[]","SafeServiceHandle","Running","Win32OwnProcess, Win32ShareProcess","Manual",,
"StateRepository","System.ServiceProcess.ServiceController[]","False","True","True","State Repository Service","System.ServiceProcess.ServiceController[]",".","StateRepository","System.ServiceProcess.ServiceController[]","SafeServiceHandle","Running","Win32OwnProcess, Win32ShareProcess","Automatic",,
"StiSvc","System.ServiceProcess.ServiceController[]","True","True","True","Windows Image Acquisition (WIA)","System.ServiceProcess.ServiceController[]",".","StiSvc","System.ServiceProcess.ServiceController[]","SafeServiceHandle","Running","Win32OwnProcess","Automatic",,
"StorSvc","System.ServiceProcess.ServiceController[]","False","False","True","Storage Service","System.ServiceProcess.ServiceController[]",".","StorSvc","System.ServiceProcess.ServiceController[]","SafeServiceHandle","Running","Win32OwnProcess, Win32ShareProcess","Automatic",,
"SynTPEnhService","System.ServiceProcess.ServiceController[]","False","True","True","SynTPEnhService","System.ServiceProcess.ServiceController[]",".","SynTPEnhService","System.ServiceProcess.ServiceController[]","SafeServiceHandle","Running","Win32OwnProcess","Automatic",,
"SysMain","System.ServiceProcess.ServiceController[]","False","True","True","SysMain","System.ServiceProcess.ServiceController[]",".","SysMain","System.ServiceProcess.ServiceController[]","SafeServiceHandle","Running","Win32OwnProcess, Win32ShareProcess","Automatic",,
"SystemEventsBroker","System.ServiceProcess.ServiceController[]","False","False","True","System Events Broker","System.ServiceProcess.ServiceController[]",".","SystemEventsBroker","System.ServiceProcess.ServiceController[]",,"Running","Win32ShareProcess","Automatic",,
"TbtHostControllerService","System.ServiceProcess.ServiceController[]","False","True","True","Thunderbolt(TM) Application Launcher","System.ServiceProcess.ServiceController[]",".","TbtHostControllerService","System.ServiceProcess.ServiceController[]","SafeServiceHandle","Running","Win32OwnProcess","Automatic",,
"TbtP2pShortcutService","System.ServiceProcess.ServiceController[]","False","True","True","Thunderbolt(TM) Peer to Peer Shortcut","System.ServiceProcess.ServiceController[]",".","TbtP2pShortcutService","System.ServiceProcess.ServiceController[]","SafeServiceHandle","Running","Win32OwnProcess","Automatic",,
"TeamViewer","System.ServiceProcess.ServiceController[]","False","True","True","TeamViewer","System.ServiceProcess.ServiceController[]",".","TeamViewer","System.ServiceProcess.ServiceController[]","SafeServiceHandle","Running","Win32OwnProcess","Automatic",,
"TextInputManagementService","System.ServiceProcess.ServiceController[]","False","False","False","Text Input Management Service","System.ServiceProcess.ServiceController[]",".","TextInputManagementService","System.ServiceProcess.ServiceController[]",,"Running","Win32OwnProcess, Win32ShareProcess","Automatic",,
"Themes","System.ServiceProcess.ServiceController[]","False","False","True","Themes","System.ServiceProcess.ServiceController[]",".","Themes","System.ServiceProcess.ServiceController[]","SafeServiceHandle","Running","Win32OwnProcess, Win32ShareProcess","Automatic",,
"TimeBrokerSvc","System.ServiceProcess.ServiceController[]","False","False","True","Time Broker","System.ServiceProcess.ServiceController[]",".","TimeBrokerSvc","System.ServiceProcess.ServiceController[]",,"Running","Win32OwnProcess, Win32ShareProcess","Manual",,
"TokenBroker","System.ServiceProcess.ServiceController[]","False","False","True","Web Account Manager","System.ServiceProcess.ServiceController[]",".","TokenBroker","System.ServiceProcess.ServiceController[]","SafeServiceHandle","Running","Win32OwnProcess, Win32ShareProcess","Manual",,
"TPHKLOAD","System.ServiceProcess.ServiceController[]","False","False","True","Lenovo Hotkey Client Loader","System.ServiceProcess.ServiceController[]",".","TPHKLOAD","System.ServiceProcess.ServiceController[]","SafeServiceHandle","Running","Win32OwnProcess","Automatic",,
"TrkWks","System.ServiceProcess.ServiceController[]","False","True","True","Distributed Link Tracking Client","System.ServiceProcess.ServiceController[]",".","TrkWks","System.ServiceProcess.ServiceController[]","SafeServiceHandle","Running","Win32OwnProcess, Win32ShareProcess","Automatic",,
"UdkUserSvc_98374","System.ServiceProcess.ServiceController[]","False","False","True","Udk User Service_98374","System.ServiceProcess.ServiceController[]",".","UdkUserSvc_98374","System.ServiceProcess.ServiceController[]","SafeServiceHandle","Running","240","Manual",,
"uhssvc","System.ServiceProcess.ServiceController[]","False","True","True","Microsoft Update Health Service","System.ServiceProcess.ServiceController[]",".","uhssvc","System.ServiceProcess.ServiceController[]","SafeServiceHandle","Running","Win32OwnProcess","Automatic",,
"UnistoreSvc_98374","System.ServiceProcess.ServiceController[]","False","False","True","User Data Storage_98374","System.ServiceProcess.ServiceController[]",".","UnistoreSvc_98374","System.ServiceProcess.ServiceController[]","SafeServiceHandle","Running","224","Manual",,
"UserDataSvc_98374","System.ServiceProcess.ServiceController[]","False","False","True","User Data Access_98374","System.ServiceProcess.ServiceController[]",".","UserDataSvc_98374","System.ServiceProcess.ServiceController[]","SafeServiceHandle","Running","224","Manual",,
"UserManager","System.ServiceProcess.ServiceController[]","False","False","True","User Manager","System.ServiceProcess.ServiceController[]",".","UserManager","System.ServiceProcess.ServiceController[]","SafeServiceHandle","Running","Win32OwnProcess, Win32ShareProcess","Automatic",,
"UsoSvc","System.ServiceProcess.ServiceController[]","False","True","True","Update Orchestrator Service","System.ServiceProcess.ServiceController[]",".","UsoSvc","System.ServiceProcess.ServiceController[]","SafeServiceHandle","Running","Win32OwnProcess, Win32ShareProcess","Automatic",,
"VaultSvc","System.ServiceProcess.ServiceController[]","False","True","True","Credential Manager","System.ServiceProcess.ServiceController[]",".","VaultSvc","System.ServiceProcess.ServiceController[]","SafeServiceHandle","Running","Win32ShareProcess","Manual",,
"VMAuthdService","System.ServiceProcess.ServiceController[]","False","False","True","VMware Authorization Service","System.ServiceProcess.ServiceController[]",".","VMAuthdService","System.ServiceProcess.ServiceController[]","SafeServiceHandle","Running","Win32OwnProcess","Automatic",,
"VMnetDHCP","System.ServiceProcess.ServiceController[]","False","False","True","VMware DHCP Service","System.ServiceProcess.ServiceController[]",".","VMnetDHCP","System.ServiceProcess.ServiceController[]","SafeServiceHandle","Running","Win32OwnProcess","Automatic",,
"VMUSBArbService","System.ServiceProcess.ServiceController[]","False","False","True","VMware USB Arbitration Service","System.ServiceProcess.ServiceController[]",".","VMUSBArbService","System.ServiceProcess.ServiceController[]","SafeServiceHandle","Running","Win32OwnProcess","Automatic",,
"VMware NAT Service","System.ServiceProcess.ServiceController[]","False","False","True","VMware NAT Service","System.ServiceProcess.ServiceController[]",".","VMware NAT Service","System.ServiceProcess.ServiceController[]","SafeServiceHandle","Running","Win32OwnProcess","Automatic",,
"VMwareHostd","System.ServiceProcess.ServiceController[]","False","True","True","VMware Workstation Server","System.ServiceProcess.ServiceController[]",".","VMwareHostd","System.ServiceProcess.ServiceController[]","SafeServiceHandle","Running","Win32OwnProcess","Automatic",,
"vmwsprrdpwks","System.ServiceProcess.ServiceController[]","False","True","True","VMware Serial Com Redirection Client service","System.ServiceProcess.ServiceController[]",".","vmwsprrdpwks","System.ServiceProcess.ServiceController[]","SafeServiceHandle","Running","Win32OwnProcess","Automatic",,
"Wcmsvc","System.ServiceProcess.ServiceController[]","False","True","True","Windows Connection Manager","System.ServiceProcess.ServiceController[]",".","Wcmsvc","System.ServiceProcess.ServiceController[]","SafeServiceHandle","Running","Win32OwnProcess","Automatic",,
"WdiSystemHost","System.ServiceProcess.ServiceController[]","False","True","True","Diagnostic System Host","System.ServiceProcess.ServiceController[]",".","WdiSystemHost","System.ServiceProcess.ServiceController[]",,"Running","Win32OwnProcess, Win32ShareProcess","Manual",,
"WdNisSvc","System.ServiceProcess.ServiceController[]","False","False","True","Microsoft Defender Antivirus Network Inspection Service","System.ServiceProcess.ServiceController[]",".","WdNisSvc","System.ServiceProcess.ServiceController[]",,"Running","Win32OwnProcess","Manual",,
"WebClient","System.ServiceProcess.ServiceController[]","False","False","True","WebClient","System.ServiceProcess.ServiceController[]",".","WebClient","System.ServiceProcess.ServiceController[]","SafeServiceHandle","Running","Win32OwnProcess, Win32ShareProcess","Manual",,
"webthreatdefsvc","System.ServiceProcess.ServiceController[]","True","True","True","Web Threat Defense Service","System.ServiceProcess.ServiceController[]",".","webthreatdefsvc","System.ServiceProcess.ServiceController[]","SafeServiceHandle","Running","Win32OwnProcess, Win32ShareProcess","Manual",,
"webthreatdefusersvc_98374","System.ServiceProcess.ServiceController[]","True","True","True","Web Threat Defense User Service_98374","System.ServiceProcess.ServiceController[]",".","webthreatdefusersvc_98374","System.ServiceProcess.ServiceController[]","SafeServiceHandle","Running","240","Automatic",,
"WinDefend","System.ServiceProcess.ServiceController[]","False","True","True","Microsoft Defender Antivirus Service","System.ServiceProcess.ServiceController[]",".","WinDefend","System.ServiceProcess.ServiceController[]",,"Running","Win32OwnProcess","Automatic",,
"WinHttpAutoProxySvc","System.ServiceProcess.ServiceController[]","False","True","False","WinHTTP Web Proxy Auto-Discovery Service","System.ServiceProcess.ServiceController[]",".","WinHttpAutoProxySvc","System.ServiceProcess.ServiceController[]",,"Running","Win32OwnProcess, Win32ShareProcess","Manual",,
"Winmgmt","System.ServiceProcess.ServiceController[]","True","True","True","Windows Management Instrumentation","System.ServiceProcess.ServiceController[]",".","Winmgmt","System.ServiceProcess.ServiceController[]","SafeServiceHandle","Running","Win32OwnProcess, Win32ShareProcess","Automatic",,
"WlanSvc","System.ServiceProcess.ServiceController[]","False","True","True","WLAN AutoConfig","System.ServiceProcess.ServiceController[]",".","WlanSvc","System.ServiceProcess.ServiceController[]","SafeServiceHandle","Running","Win32OwnProcess","Automatic",,
"WMIRegistrationService","System.ServiceProcess.ServiceController[]","False","False","True","Intel(R) Management Engine WMI Provider Registration","System.ServiceProcess.ServiceController[]",".","WMIRegistrationService","System.ServiceProcess.ServiceController[]","SafeServiceHandle","Running","Win32OwnProcess","Automatic",,
"WpnService","System.ServiceProcess.ServiceController[]","False","False","True","Windows Push Notifications System Service","System.ServiceProcess.ServiceController[]",".","WpnService","System.ServiceProcess.ServiceController[]","SafeServiceHandle","Running","Win32OwnProcess, Win32ShareProcess","Automatic",,
"WpnUserService_98374","System.ServiceProcess.ServiceController[]","False","False","True","Windows Push Notifications User Service_98374","System.ServiceProcess.ServiceController[]",".","WpnUserService_98374","System.ServiceProcess.ServiceController[]","SafeServiceHandle","Running","240","Automatic",,
"wscsvc","System.ServiceProcess.ServiceController[]","False","True","True","Security Center","System.ServiceProcess.ServiceController[]",".","wscsvc","System.ServiceProcess.ServiceController[]",,"Running","Win32OwnProcess, Win32ShareProcess","Automatic",,
"WSearch","System.ServiceProcess.ServiceController[]","False","True","True","Windows Search","System.ServiceProcess.ServiceController[]",".","WSearch","System.ServiceProcess.ServiceController[]","SafeServiceHandle","Running","Win32OwnProcess","Automatic",,
